firstname, lastname     , email                              , phone       , birthday  , gender, country
Ava      , Bednar       , myrtie.abshire@gmail.com           , +12144498712, 2000-02-17, female, Cyprus
Loma     , Buckridge    , elyse88@hotmail.com                , +18329948344, 2003-11-10, female, Venezuela
German   , Cassin       , desiree76@yahoo.com                , +12098792510, 1975-09-23, male  , Nauru
Johnathan, Wolff        , eruecker@hotmail.com               , +13467430417, 1990-02-04, male  , Iceland
Reva     , Dicki        , kathlyn.kuphal@hotmail.com         , +19202287122, 1979-03-07, female, Guadeloupe
Donato   , Klocko       , cartwright.amina@hotmail.com       , +16604239406, 1939-03-05, male  , Caribbean Netherlands
Melvina  , Olson        , daryl88@altenwerth.biz             , +14806936085, 1974-08-11, male  , Kuwait
Jennifer , Johnson      , gene62@ledner.biz                  , +18154165329, 2025-11-10, female, Switzerland
Anabelle , Morar        , bogan.ara@yahoo.com                , +15175910177, 2011-05-10, female, Andorra
Sylvester, Schneider    , tmcglynn@heidenreich.com           , +19073647663, 1964-03-05, male  , South Sudan
Fleta    , Mueller      , hane.kiarra@schiller.com           , +16167166779, 2009-10-25, female, Cameroon
Trenton  , Swaniawski   , hessel.jadon@gmail.com             , +15202551642, 1960-05-09, male  , Brunei
Cecilia  , Hettinger    , gauer@ondricka.org                 , +12345647511, 2021-12-18, female, St. Martin
Faustino , Zieme        , morissette.wilmer@hotmail.com      , +17475694765, 2020-05-04, male  , Canada
Nova     , Mertz        , vkihn@marquardt.com                , +12675600024, 1937-10-18, female, Kyrgyzstan
Clair    , Schowalter   , yrolfson@yahoo.com                 , +15597740566, 2002-05-28, male  , Indonesia
Vita     , Ernser       , beer.palma@hills.com               , +14234031732, 1963-01-25, female, Niger
Zella    , Dickens      , minerva20@hessel.info              , +18727781469, 1984-02-25, female, Romania
Elena    , Hagenes      , rickey.wisozk@gmail.com            , +12705831616, 1944-03-03, female, Chad
Clark    , Lynch        , ncorkery@hotmail.com               , +18152409114, 2015-07-14, male  , Macao SAR China
Matt     , Olson        , rosalinda21@yahoo.com              , +12402166213, 1990-02-23, male  , St. Pierre & Miquelon
Jacey    , Schimmel     , rebekah62@yahoo.com                , +18207211916, 1965-05-08, male  , Gibraltar
Edna     , Klein        , amanda.bradtke@daugherty.net       , +14584842989, 1995-10-10, female, Ghana
Joe      , Lynch        , esteban37@homenick.com             , +14106536115, 2023-02-11, male  , Chile
Benny    , Zulauf       , roob.adeline@yahoo.com             , +13855308591, 1945-11-30, male  , Japan
Everette , Kautzer      , wstokes@yahoo.com                  , +17729912951, 1946-04-09, female, Gabon
Lela     , Walker       , miles09@fay.biz                    , +18438325020, 1968-04-20, female, Jersey
Alicia   , Brekke       , lwilkinson@hotmail.com             , +19562571175, 1943-11-01, female, Taiwan
John     , Gleichner    , nellie25@hotmail.com               , +16402514194, 1953-08-03, male  , Indonesia
Antonio  , Treutel      , beaulah56@hahn.com                 , +17346854651, 2018-12-23, male  , Guyana
Willis   , Dickinson    , santos.okuneva@hotmail.com         , +13044670114, 1968-11-13, male  , Turkmenistan
Guiseppe , Rice         , jaskolski.ruthe@gibson.info        , +16016886790, 1943-07-21, male  , Greenland
Gerard   , Parker       , david.sawayn@gmail.com             , +14409406717, 1972-03-12, male  , Austria
Joanne   , Feil         , dickens.kamille@klein.com          , +15864132487, 1944-08-23, female, Costa Rica
Cristobal, Bauch        , urban.armstrong@labadie.biz        , +15208397347, 1958-06-22, male  , Finland
Aiyana   , McKenzie     , elvis59@wolff.com                  , +19408341683, 1986-12-02, female, Antarctica
Otho     , Russel       , klarkin@hotmail.com                , +15407585573, 2000-07-28, male  , St. Kitts & Nevis
Madelynn , Reinger      , broderick28@berge.net              , +15625378162, 1971-02-07, female, Zambia
Tyrique  , Murazik      , owuckert@gmail.com                 , +12627702038, 2012-07-25, male  , Cameroon
Lulu     , Runolfsdottir, ike.reilly@borer.com               , +17544023556, 1980-03-29, female, Bulgaria
Skyla    , Shanahan     , marvin98@nienow.org                , +16509295011, 1994-04-01, female, Bermuda
Tressie  , Sanford      , kiel77@yahoo.com                   , +19407642669, 1981-05-07, female, Cuba
Terrill  , Langosh      , margie18@gleichner.com             , +12315946265, 1969-02-02, male  , Zambia
Milton   , Leuschke     , mosciski.colby@gmail.com           , +15639256802, 1959-04-19, male  , Congo - Brazzaville
Assunta  , Kohler       , delmer.reichert@gmail.com          , +14042535583, 1958-02-23, female, Guyana
Joan     , Kessler      , kobe.koch@hotmail.com              , +15635209858, 2025-02-17, male  , Åland Islands
Harmon   , Hodkiewicz   , iward@dibbert.org                  , +15748092814, 1947-12-20, male  , Zambia
Garrison , McKenzie     , tfay@hotmail.com                   , +14232709059, 1998-09-20, male  , Montenegro
Myrtle   , Mohr         , kunze.julie@hettinger.com          , +12707125515, 1949-05-11, female, Guinea
Lisa     , Corkery      , davis.antonia@yahoo.com            , +14327102207, 1973-05-03, female, Brunei
Viola    , Brekke       , luis45@feest.biz                   , +19477831849, 1950-04-18, female, Bhutan
Elisa    , Cummings     , adeline.keeling@gmail.com          , +12798520239, 1975-06-02, female, Guadeloupe
Monroe   , Schuppe      , hschiller@gmail.com                , +19183810208, 1954-04-24, male  , Montserrat
Troy     , Hahn         , rcormier@hotmail.com               , +16786707378, 2017-09-22, male  , Dominican Republic
Jeramie  , Weimann      , jazmyne27@green.com                , +18728747378, 2010-09-23, male  , Vietnam
Loma     , Wintheiser   , gaylord.scot@funk.net              , +14258413417, 2020-11-13, female, Morocco
Ernest   , Durgan       , marcelino85@hotmail.com            , +13475097183, 1964-09-19, male  , Senegal
Bette    , Shields      , ada.frami@hauck.com                , +14435898369, 1978-03-07, female, Uzbekistan
Rogers   , Borer        , deion79@rosenbaum.com              , +17737752241, 1943-08-03, male  , Italy
Lavina   , Feest        , barton.marlene@yahoo.com           , +18287641621, 1955-07-10, female, China
Bernadine, Hermiston    , funk.lauren@schneider.com          , +12532455169, 2021-10-01, female, Panama
Anya     , Smitham      , dkessler@gmail.com                 , +12064270915, 1938-12-06, female, Bulgaria
Destin   , Spencer      , smitham.guillermo@keebler.biz      , +19844901278, 2017-05-23, male  , Cocos (Keeling) Islands
Aisha    , Mayert       , mose11@gmail.com                   , +16814703537, 2023-03-14, female, Belarus
Maribel  , Schmeler     , piper73@crist.com                  , +18144087374, 1952-03-30, female, Brunei
Paxton   , Bayer        , brown.melyssa@rogahn.net           , +12145952712, 2008-08-09, male  , Liechtenstein
Magali   , Block        , mgutkowski@gmail.com               , +12816386661, 1982-08-31, female, Senegal
Kristofer, Borer        , kihn.benjamin@lind.org             , +19546472399, 2022-08-26, male  , Syria
Gerda    , Zieme        , cassin.waylon@yahoo.com            , +13013613702, 1966-01-01, female, Israel
Reynold  , Keeling      , pearlie.quigley@schneider.com      , +19854320770, 2007-08-15, male  , Barbados
Wanda    , Gibson       , schmitt.tito@rau.com               , +17198477558, 2020-10-15, female, Australia
Khalid   , Nitzsche     , ynitzsche@turner.com               , +14247297481, 1937-01-10, male  , Papua New Guinea
Wyatt    , Mitchell     , elsa57@wolff.com                   , +12544247732, 1970-06-13, male  , French Guiana
Katarina , Gulgowski    , josefina.considine@corwin.info     , +17632176798, 1969-08-26, female, Guinea-Bissau
Blanca   , Hartmann     , monroe.considine@nader.biz         , +12402094051, 1963-10-06, female, Guernsey
Erin     , Cassin       , kristoffer.mccullough@wilkinson.com, +16236763947, 1966-11-12, male  , Curaçao
Ransom   , Anderson     , alvera22@yahoo.com                 , +17866855123, 2001-04-03, male  , Pakistan
Juwan    , Lehner       , rogers.lubowitz@stark.biz          , +16192349636, 1960-02-04, male  , Slovakia
Lindsay  , Larkin       , robyn52@gmail.com                  , +16262700951, 1981-01-01, female, Solomon Islands
Giuseppe , Aufderhar    , vkoss@stark.com                    , +13518810870, 1977-04-10, male  , Djibouti